Timestamp,ARC56Links,Repositories,NuGetPackagesPublished,NpmPackagesPublished,PyPIPackagesPublished
2026-07-29T11:37:17Z,4391,513,513,90,37
2026-07-30T06:24:09Z,4392,514,513,90,37
2026-07-31T06:59:38Z,4392,514,514,100,37
2026-08-01T06:37:23Z,4409,521,514,110,41
2026-08-02T06:44:44Z,4410,522,521,120,45
2026-08-03T07:08:17Z,4414,524,522,120,45
2026-08-04T06:30:46Z,4414,524,524,430,49
2026-08-05T06:27:03Z,4421,525,524,509,53
2026-08-06T06:29:38Z,4422,525,525,510,53
2026-08-07T05:39:18Z,4422,525,525,510,57
2026-08-08T04:51:12Z,4422,525,525,510,57
2026-08-09T04:56:24Z,4422,525,525,510,61
2026-08-10T05:18:43Z,4425,527,525,510,65
2026-08-11T05:02:31Z,4427,529,527,512,69
2026-08-12T05:33:12Z,4430,532,529,514,73
2026-08-13T05:33:42Z,4434,534,532,517,77
2026-08-14T05:31:38Z,4441,538,534,519,81
2026-08-15T04:23:32Z,4452,540,538,522,81
2026-08-16T04:29:40Z,4453,541,540,524,85
2026-08-17T03:51:30Z,4453,541,541,525,89
2026-08-18T04:45:51Z,10041,541,541,525,93
2026-08-19T04:47:30Z,10074,542,541,525,93
2026-08-21T04:46:42Z,10082,543,542,526,101
